actor,movie_or_tv_name
Jeremy Strong,Maestro
Jeremy Strong,Splendid Solution
Jeremy Strong,Armageddon Time
Jeremy Strong,The Trial of the Chicago 7
Jeremy Strong,The Gentlemen
Jeremy Strong,Serenity
Jeremy Strong,Succession
Jeremy Strong,Molly's Game
Jeremy Strong,Detroit
Jeremy Strong,The Big Short
Jeremy Strong,The Late Show with Stephen Colbert
Jeremy Strong,Black Mass
Jeremy Strong,Selma
Jeremy Strong,Lennon or McCartney
Jeremy Strong,The Judge
Jeremy Strong,Time Out of Mind
Jeremy Strong,Mob City
Jeremy Strong,Parkland
Jeremy Strong,Masters of Sex
Jeremy Strong,Zero Dark Thirty
Jeremy Strong,Lincoln
Jeremy Strong,"Please, Alfonso"
Jeremy Strong,Robot & Frank
Jeremy Strong,See Girl Run
Jeremy Strong,Love is Like Life But Longer
Jeremy Strong,The Romantics
Jeremy Strong,Yes
Jeremy Strong,Kill Daddy Good Night
Jeremy Strong,The Messenger
Jeremy Strong,The Good Wife
Jeremy Strong,Contact High
Jeremy Strong,Humboldt County
Jeremy Strong,The Happening
Jeremy Strong,The Ballad of Jack and Rose
Jeremy Strong,King of the Corner
Jeremy Strong,Pleasantville
Jeremy Strong,You've Got Mail
Jeremy Strong,Jingle All the Way
Jeremy Strong,Deconstructing Harry
Jeremy Strong,Amistad
Michael Izquierdo,Here and Now
Michael Izquierdo,Succession
Michael Izquierdo,Paradise Islands
Michael Izquierdo,Equity
Michael Izquierdo,11.22.63
Michael Izquierdo,Antidote
Michael Izquierdo,The Wolf of Wall Street
Michael Izquierdo,The Last Day of August
Michael Izquierdo,Elementary
Michael Izquierdo,Doomsday Preppers
Michael Izquierdo,Blue Bloods
Michael Izquierdo,Heterosexuals
Michael Izquierdo,Theater of War
Michael Izquierdo,Antidote
Michael Izquierdo,80/20
Nick Mills,Succession
Nick Mills,Mr. Robot
Nick Mills,Rickover: The Birth of Nuclear Power
Nick Mills,Law & Order: Special Victims Unit
KeiLyn Durrel Jones,Sparring Partner
KeiLyn Durrel Jones,The Equalizer
KeiLyn Durrel Jones,Evil
KeiLyn Durrel Jones,The I-Land
KeiLyn Durrel Jones,Succession
KeiLyn Durrel Jones,High Maintenance
KeiLyn Durrel Jones,Marvel's Jessica Jones
KeiLyn Durrel Jones,Better Call Saul
KeiLyn Durrel Jones,Chicago Fire
KeiLyn Durrel Jones,Blue Bloods
Sanaa Lathan,The Supremes At Earl’s All-You-Can-Eat
Sanaa Lathan,Leap
Sanaa Lathan,Young. Wild. Free.
Sanaa Lathan,The Best Man: The Final Chapters
Sanaa Lathan,On the Come Up
Sanaa Lathan,With/In
Sanaa Lathan,Hit & Run
Sanaa Lathan,With/In Volume 1
Sanaa Lathan,Solos
Sanaa Lathan,Harley Quinn
Sanaa Lathan,The Twilight Zone
Sanaa Lathan,Native Son
Sanaa Lathan,Nappily Ever After
Sanaa Lathan,Succession
Sanaa Lathan,American Assassin
Sanaa Lathan,Shots Fired
Sanaa Lathan,Approaching the Unknown
Sanaa Lathan,Now You See Me 2
Sanaa Lathan,The Perfect Guy
Sanaa Lathan,The Affair
Sanaa Lathan,Repentance
Sanaa Lathan,The Best Man Holiday
Sanaa Lathan,Boss
Sanaa Lathan,Contagion
Sanaa Lathan,The Cleveland Show
Sanaa Lathan,Powder Blue
Sanaa Lathan,Wonderful World
Sanaa Lathan,The Family That Preys
Sanaa Lathan,A Raisin in the Sun
Sanaa Lathan,Something New
Sanaa Lathan,The Golden Blaze
Sanaa Lathan,AVP: Alien vs. Predator
Sanaa Lathan,Out of Time
Sanaa Lathan,Nip/Tuck
Sanaa Lathan,Brown Sugar
Sanaa Lathan,Disappearing Acts
Sanaa Lathan,Love & Basketball
Sanaa Lathan,The Best Man
Sanaa Lathan,The Wood
Sanaa Lathan,Life
Sanaa Lathan,Catfish in Black Bean Sauce
Sanaa Lathan,Family Guy
Sanaa Lathan,Blade
Sanaa Lathan,LateLine
Sanaa Lathan,Miracle in the Woods
Sanaa Lathan,Built to Last
Sanaa Lathan,Drive
Sanaa Lathan,Moesha
Sanaa Lathan,In the House
Sanaa Lathan,Late Night with Conan O'Brien
Sanaa Lathan,Family Matters
Sanaa Lathan,LIVE with Kelly and Ryan
Sanaa Lathan,Leap
Sanaa Lathan,On the Come Up
Sanaa Lathan,With/In
Sanaa Lathan,With/In Volume 1
Sanaa Lathan,Young. Wild. Free.
Sanaa Lathan,Nappily Ever After
Sanaa Lathan,The Perfect Guy
Patch Darragh,Our Man from Jersey
Patch Darragh,Old Man
Patch Darragh,Rubber Gun Club
Patch Darragh,Unbreakable Kimmy Schmidt: Kimmy vs. the Reverend
Patch Darragh,Tommy
Patch Darragh,Brittany Runs a Marathon
Patch Darragh,The Loudest Voice
Patch Darragh,Cam
Patch Darragh,The First Purge
Patch Darragh,Succession
Patch Darragh,Everything Sucks!
Patch Darragh,The Deuce
Patch Darragh,Mr. Mercedes
Patch Darragh,The Depths
Patch Darragh,The Harrow
Patch Darragh,Sully
Patch Darragh,The Path
Patch Darragh,Limitless
Patch Darragh,The Visit
Patch Darragh,Madam Secretary
Patch Darragh,Let's Be Cops
Patch Darragh,Elementary
Patch Darragh,Hope Springs
Patch Darragh,Longmire
Patch Darragh,Blue Bloods
Patch Darragh,Coach
Patch Darragh,Dead Hands
Patch Darragh,White Collar
Patch Darragh,Weeds
Patch Darragh,NCIS
Patch Darragh,Our Town
Patch Darragh,Monday Night Mayhem
Patch Darragh,Law & Order: Criminal Intent
Patch Darragh,Law & Order: Special Victims Unit
Patch Darragh,Law & Order
Peggy J. Scott,Mr. Harrigan's Phone
Peggy J. Scott,Beyond the Night
Peggy J. Scott,We Only Know So Much
Peggy J. Scott,Succession
Peggy J. Scott,Bull
Peggy J. Scott,House of Cards
Peggy J. Scott,The Americans
Peggy J. Scott,Person of Interest
Peggy J. Scott,Finding Amanda
Peggy J. Scott,The Guthrie Theater Presents A Christmas Carol
Harriet Walter,And Mrs
Harriet Walter,Your Christmas Or Mine?
Harriet Walter,Burial
Harriet Walter,This Is Going to Hurt
Harriet Walter,The Last Duel
Harriet Walter,Alexander Pope: Rediscovering a Genius
Harriet Walter,Herself
Harriet Walter,Ted Lasso
Harriet Walter,Alan Bennett's Talking Heads
Harriet Walter,Belgravia
Harriet Walter,The End
Harriet Walter,Rocketman
Harriet Walter,The Spanish Princess
Harriet Walter,Curfew
Harriet Walter,My Dinner with Hervé
Harriet Walter,Black Earth Rising
Harriet Walter,Succession
Harriet Walter,Patrick Melrose
Harriet Walter,Killing Eve
Harriet Walter,Julius Caesar
Harriet Walter,Tate Britain's Great Art Walks
Harriet Walter,The Sense of an Ending
Harriet Walter,Henry IV
Harriet Walter,The Crown
Harriet Walter,Mindhorn
Harriet Walter,Denial
Harriet Walter,Shakespeare Live! From the RSC
Harriet Walter,The Tempest
Harriet Walter,Star Wars: The Force Awakens
Harriet Walter,London Spy
Harriet Walter,Documentary Now!
Harriet Walter,Man Up
Harriet Walter,Suite Française
Harriet Walter,The Assets
Harriet Walter,By Any Means
Harriet Walter,Heading Out
Harriet Walter,The Domino Effect
Harriet Walter,The Door
Harriet Walter,The Wedding Video
Harriet Walter,Simon Schama's Shakespeare
Harriet Walter,A Royal Affair
Harriet Walter,Call the Midwife
Harriet Walter,Downton Abbey
Harriet Walter,From Time to Time
Harriet Walter,Chéri
Harriet Walter,The Young Victoria
Harriet Walter,Law & Order: UK
Harriet Walter,A Short Stay in Switzerland
Harriet Walter,Hunter
Harriet Walter,Morris: A Life with Bells On
Harriet Walter,Ballet Shoes
Harriet Walter,10 Days to War
Harriet Walter,Fairy Tales
Harriet Walter,Abraham's Point
Harriet Walter,Atonement
Harriet Walter,Babel
Harriet Walter,Doctor Who
Harriet Walter,Chromophobia
Harriet Walter,London
Harriet Walter,Frankenstein: Birth of a Monster
Harriet Walter,Bright Young Things
Harriet Walter,George Eliot: A Scandalous Life
Harriet Walter,Spooks
Harriet Walter,Villa Des Roses
Harriet Walter,Messiah
Harriet Walter,Macbeth
Harriet Walter,Waking the Dead
Harriet Walter,Onegin
Harriet Walter,魔幻帝国2
Harriet Walter,The Magical Legend of the Leprechauns
Harriet Walter,The Magical Legend of the Leprechauns
Harriet Walter,Bedrooms and Hallways
Harriet Walter,The Governess
Harriet Walter,Unfinished Business
Harriet Walter,Keep the Aspidistra Flying
Harriet Walter,A Dance to the Music of Time
Harriet Walter,Midsomer Murders
Harriet Walter,The Leading Man
Harriet Walter,Dalziel & Pascoe
Harriet Walter,Sense and Sensibility
Harriet Walter,A Man You Don't Meet Every Day
Harriet Walter,Hard Times
Harriet Walter,Hard Times
Harriet Walter,Jean Renoir: Part One - From La Belle Époque to World War II
Harriet Walter,The Maitlands
Harriet Walter,The Hour of The Pig
Harriet Walter,Ashenden
Harriet Walter,The Men's Room
Harriet Walter,Performance
Harriet Walter,They Never Slept
Harriet Walter,May Fools
Harriet Walter,Benefactors
Harriet Walter,A Dorothy L. Sayers Mystery
Harriet Walter,Inspector Morse
Harriet Walter,Turtle Diary
Harriet Walter,The Good Father
Harriet Walter,Girls On Top
Harriet Walter,The Price
Harriet Walter,Reflections
Harriet Walter,Amy
Harriet Walter,The Cherry Orchard
Harriet Walter,The Imitation Game
James Cromwell,The Last Days of Lehman Brothers
James Cromwell,Rebel Ridge
James Cromwell,Night Vet
James Cromwell,Prancer: A Christmas Tale
James Cromwell,The Center Seat: 55 Years of Star Trek
James Cromwell,Law & Order: Organized Crime
James Cromwell,Emperor
James Cromwell,Star Trek: Lower Decks
James Cromwell,Operation Buffalo
James Cromwell,Never Too Late
James Cromwell,The Immortal
James Cromwell,The Laundromat
James Cromwell,The Family
James Cromwell,That Guy... Who Was In That Thing 3: Trek Stars
James Cromwell,Countdown to Year Zero
James Cromwell,Jurassic World: Fallen Kingdom
James Cromwell,Succession
James Cromwell,Counterpart
James Cromwell,Marshall
James Cromwell,The Promise
James Cromwell,The Young Pope
James Cromwell,50 Years of Star Trek
James Cromwell,The Detour
James Cromwell,The Perfect Crime: Leopold & Loeb
James Cromwell,Big Hero 6
James Cromwell,Halt and Catch Fire
James Cromwell,The Trials of Cate McCall
James Cromwell,La Classe américaine
James Cromwell,A Night at the Movies: Hollywood Goes to Washington
James Cromwell,Still Mine
James Cromwell,Hollywood as Character: The Locations of The Artist
James Cromwell,The Artist: The Making of an American Romance
James Cromwell,Soldiers of Fortune
James Cromwell,Cowgirls n' Angels
James Cromwell,Hide Away
James Cromwell,Admissions
James Cromwell,The Artist
James Cromwell,American Horror Story
James Cromwell,Memorial Day
James Cromwell,Farm to Fridge
James Cromwell,Pope Pius XII
James Cromwell,Secretariat
James Cromwell,Beyond All Boundaries
James Cromwell,Surrogates
James Cromwell,The Last Days of Lehman Brothers
James Cromwell,Starz Inside - Unforgettably Evil
James Cromwell,Impact
James Cromwell,A Lonely Place for Dying
James Cromwell,W.
James Cromwell,My Own Worst Enemy
James Cromwell,Whatever You Desire: Making 'L.A. Confidential'
James Cromwell,Tortured
James Cromwell,Masters of Science Fiction
James Cromwell,Spider-Man 3
James Cromwell,Becoming Jane
James Cromwell,Looking For Else
James Cromwell,Dante's Inferno
James Cromwell,The Maltese Falcon: One Magnificent Bird
James Cromwell,The Queen
James Cromwell,King Leopold's Ghost
James Cromwell,Avenger
James Cromwell,Pope John Paul II
James Cromwell,Shadows in the Dark: The Val Lewton Legacy
James Cromwell,The Longest Yard
James Cromwell,"I, Robot"
James Cromwell,Salem's Lot
James Cromwell,Angels in America
James Cromwell,A Carol Christmas
James Cromwell,Blackball
James Cromwell,The John Garfield Story
James Cromwell,The Snow Walker
James Cromwell,The Sum of All Fears
James Cromwell,Spirit: Stallion of the Cimarron
James Cromwell,Project Viper
James Cromwell,The Magnificent Ambersons
James Cromwell,A Death in the Family
James Cromwell,RFK
James Cromwell,24
James Cromwell,Citizen Baines
James Cromwell,Six Feet Under
James Cromwell,Space Cowboys
James Cromwell,Walking the Mile: The Making of The Green Mile
James Cromwell,Fail Safe
James Cromwell,RKO 281
James Cromwell,Snow Falling on Cedars
James Cromwell,The Green Mile
James Cromwell,The Bachelor
James Cromwell,The West Wing
James Cromwell,A Slight Case of Murder
James Cromwell,The General's Daughter
James Cromwell,The Late Late Show with Craig Kilborn
James Cromwell,Babe: Pig in the City
James Cromwell,Deep Impact
James Cromwell,Species II
James Cromwell,Owd Bob
James Cromwell,The Education of Little Tree
James Cromwell,L.A. Confidential
James Cromwell,The People vs. Larry Flynt
James Cromwell,Star Trek: First Contact
James Cromwell,Eraser
James Cromwell,Partners
James Cromwell,Babe
James Cromwell,Indictment: The McMartin Trial
James Cromwell,The Shaggy Dog
James Cromwell,ER
James Cromwell,Revenge of the Nerds IV: Nerds In Love
James Cromwell,Romeo Is Bleeding
James Cromwell,Star Trek: Deep Space Nine
James Cromwell,The Babe
James Cromwell,Home Improvement
James Cromwell,American Dreamer
James Cromwell,Miracle Landing
James Cromwell,The Runnin' Kind
James Cromwell,Pink Cadillac
James Cromwell,The Rescue
James Cromwell,China Beach
James Cromwell,Star Trek: The Next Generation
James Cromwell,Jake and the Fatman
James Cromwell,Revenge of the Nerds II: Nerds in Paradise
James Cromwell,Easy Street
James Cromwell,A Fine Mess
James Cromwell,Matlock
James Cromwell,The Last Precinct
James Cromwell,Amazing Stories
James Cromwell,The Twilight Zone
James Cromwell,Explorers
James Cromwell,Wildside
James Cromwell,"Oh, God! You Devil"
James Cromwell,Hunter
James Cromwell,Revenge of the Nerds
James Cromwell,Spraggue
James Cromwell,Tank
James Cromwell,Night Court
James Cromwell,The House of God
James Cromwell,Scarecrow and Mrs. King
James Cromwell,The Man with Two Brains
James Cromwell,The Rainmaker
James Cromwell,Knight Rider
James Cromwell,Family Ties
James Cromwell,Barefoot In the Park
James Cromwell,The Wall
James Cromwell,Nobody's Perfekt
James Cromwell,Foul Play
James Cromwell,Hill Street Blues
James Cromwell,A Christmas Without Snow
James Cromwell,Flo
James Cromwell,The White Shadow
James Cromwell,Diff'rent Strokes
James Cromwell,The Cheap Detective
James Cromwell,Dallas
James Cromwell,Peeping Times
James Cromwell,Deadly Game
James Cromwell,The Girl in the Empty Grave
James Cromwell,Eight Is Enough
James Cromwell,Three's Company
James Cromwell,Once an Eagle
James Cromwell,The Nancy Walker Show
James Cromwell,All's Fair
James Cromwell,Alice
James Cromwell,Murder by Death
James Cromwell,Barbary Coast
James Cromwell,Hot l Baltimore
James Cromwell,Barney Miller
James Cromwell,The Rockford Files
James Cromwell,Little House on the Prairie
James Cromwell,Police Story
James Cromwell,M*A*S*H
James Cromwell,All in the Family
James Cromwell,Daddy Long Legs
James Cromwell,Mondo Hollywoodland
James Cromwell,Imminent Threat
Jeannie Berlin,You Hurt My Feelings
Jeannie Berlin,The Fabelmans
Jeannie Berlin,Faraway Eyes
Jeannie Berlin,Hunters
Jeannie Berlin,Succession
Jeannie Berlin,The Night Of
Jeannie Berlin,Café Society
Jeannie Berlin,Inherent Vice
Jeannie Berlin,Vijay and I
Jeannie Berlin,Margaret
Jeannie Berlin,Miss Match
Jeannie Berlin,In the Spirit
Jeannie Berlin,Sheila Levine is Dead and Living in New York
Jeannie Berlin,Why?
Jeannie Berlin,The Heartbreak Kid
Jeannie Berlin,Why
Jeannie Berlin,Bone
Jeannie Berlin,Portnoy's Complaint
Jeannie Berlin,Two on a Bench
Jeannie Berlin,Columbo
Jeannie Berlin,The Baby Maker
Jeannie Berlin,The Strawberry Statement
Jeannie Berlin,Move
Jeannie Berlin,On a Clear Day You Can See Forever
Jeannie Berlin,Getting Straight
Jeannie Berlin,In Name Only
Jeannie Berlin,In the Spirit
Jeannie Berlin,Going Hollywood: The '30s
Zack Robidas,Fleishman Is in Trouble
Zack Robidas,"Empathy, Inc."
Zack Robidas,Succession
Zack Robidas,Marvel's The Defenders
Zack Robidas,Friends from College
Zack Robidas,Mozart in the Jungle
Zack Robidas,Blue Bloods
Zack Robidas,30 Rock
Zack Robidas,Law & Order
Christine Spang,The Things We Left Unsaid
Christine Spang,Out of Breath
Christine Spang,Wicked Games
Christine Spang,Lisey's Story
Christine Spang,Lingua Franca
Christine Spang,Love Life
Christine Spang,FBI: Most Wanted
Christine Spang,The Naked Woman
Christine Spang,Succession
Christine Spang,Chatter
Christine Spang,Virginia
Christine Spang,Misfits
Christine Spang,The Blacklist
Christine Spang,Law & Order: Special Victims Unit
Christine Spang,Puzzle
Jihae,Mortal Engines
Jihae,Succession
Jihae,Altered Carbon
Jihae,Mars
Danny Huston,Horizon
Danny Huston,The Dead Don't Hurt
Danny Huston,The Crow
Danny Huston,I Told You So
Danny Huston,Marlowe
Danny Huston,Consecration
Danny Huston,Life Upside Down
Danny Huston,Ride Above
Danny Huston,We Are Gathered Here Today
Danny Huston,Once Again... (Statues Never Die)
Danny Huston,Across the River and Into the Trees
Danny Huston,Traveling Light
Danny Huston,Calls
Danny Huston,No One Left Behind
Danny Huston,Angel Has Fallen
Danny Huston,Samurai Marathon
Danny Huston,IO
Danny Huston,Stan & Ollie
Danny Huston,A Final Cut for Orson: 40 Years in the Making
Danny Huston,They'll Love Me When I'm Dead
Danny Huston,Yellowstone
Danny Huston,Succession
Danny Huston,The Professor
Danny Huston,Game Night
Danny Huston,And the Winner Isn't
Danny Huston,Newness
Danny Huston,All I See Is You
Danny Huston,Wonder Woman
Danny Huston,The Last Photograph
Danny Huston,Frankenstein
Danny Huston,Pressure
Danny Huston,Big Eyes
Danny Huston,Tigers
Danny Huston,Masters of Sex
Danny Huston,The Liberator
Danny Huston,Justice League: The Flashpoint Paradox
Danny Huston,The Congress
Danny Huston,Hitchcock
Danny Huston,Stolen
Danny Huston,Boxing Day
Danny Huston,2 Jacks
Danny Huston,Magic City
Danny Huston,Wrath of the Titans
Danny Huston,Playoff
Danny Huston,American Horror Story
Danny Huston,Made in Romania
Danny Huston,The Warrior's Way
Danny Huston,Made in Dagenham
Danny Huston,The Conspirator
Danny Huston,Robin Hood
Danny Huston,You Don't Know Jack
Danny Huston,Clash of the Titans
Danny Huston,Edge of Darkness
Danny Huston,Boogie Woogie
Danny Huston,X-Men Origins: Wolverine
Danny Huston,How to Lose Friends & Alienate People
Danny Huston,The Kreutzer Sonata
Danny Huston,John Adams
Danny Huston,30 Days of Night
Danny Huston,I Really Hate My Job
Danny Huston,The Kingdom
Danny Huston,The Making of Marie Antoinette
Danny Huston,The Number 23
Danny Huston,Children of Men
Danny Huston,Alpha Male
Danny Huston,Marie Antoinette
Danny Huston,Covert One: The Hades Factor
Danny Huston,Fade to Black
Danny Huston,Covert One: The Hades Factor
Danny Huston,The Proposition
Danny Huston,The Constant Gardener
Danny Huston,The Late Late Show with Craig Ferguson
Danny Huston,The Aviator
Danny Huston,Birth
Danny Huston,Silver City
Danny Huston,21 Grams
Danny Huston,Eden
Danny Huston,Hotel
Danny Huston,CSI: Crime Scene Investigation
Danny Huston,ivans xtc.
Danny Huston,Timecode
Danny Huston,Susan's Plan
Danny Huston,Spanish Fly
Danny Huston,Anna Karenina
Danny Huston,Leaving Las Vegas
Danny Huston,"John Huston: The Man, the Movies, the Maverick"
Danny Huston,Observations Under the Volcano
Danny Huston,The Human Factor
Danny Huston,The Last Photograph
Danny Huston,Die Eisprinzessin
Danny Huston,The Maddening
Danny Huston,Becoming Colette
Danny Huston,Mr. North
Danny Huston,Mr. Corbett's Ghost
Danny Huston,Bigfoot
Danny Huston,Santa Claus: The Making of the Movie
Danny Huston,We Are Gathered Here Today
Eric Bogosian,Reptile
Eric Bogosian,Make Me Famous
Eric Bogosian,Interview with the Vampire
Eric Bogosian,Uncut Gems
Eric Bogosian,It Takes a Lunatic
Eric Bogosian,King Cohen: The Wild World of Filmmaker Larry Cohen
Eric Bogosian,Succession
Eric Bogosian,Instinct
Eric Bogosian,"Intent to Destroy: Death, Denial & Depiction"
Eric Bogosian,Rebel in the Rye
Eric Bogosian,Who the Fuck is That Guy?: The Fabulous Journey of Michael Alago
Eric Bogosian,Listen Up Philip
Eric Bogosian,Elementary
Eric Bogosian,Don't Go in the Woods
Eric Bogosian,F--k
Eric Bogosian,Cadillac Records
Eric Bogosian,To My Great Chagrin
Eric Bogosian,Love Monkey
Eric Bogosian,Heights
Eric Bogosian,Blade: Trinity
Eric Bogosian,King of the Corner
Eric Bogosian,Wonderland
Eric Bogosian,Charlie's Angels: Full Throttle
Eric Bogosian,Igby Goes Down
Eric Bogosian,Ararat
Eric Bogosian,Shot in the Heart
Eric Bogosian,Scrubs
Eric Bogosian,Law & Order: Criminal Intent
Eric Bogosian,Blonde
Eric Bogosian,Eric Bogosian: Wake Up and Smell the Coffee
Eric Bogosian,In the Weeds
Eric Bogosian,Gossip
Eric Bogosian,Third Watch
Eric Bogosian,The Wedding Toast
Eric Bogosian,A Bright Shining Lie
Eric Bogosian,Deconstructing Harry
Eric Bogosian,Office Killer
Eric Bogosian,The Trial of Adolf Eichmann
Eric Bogosian,Beavis and Butt-Head Do America
Eric Bogosian,The Substance of Fire
Eric Bogosian,Under Siege 2: Dark Territory
Eric Bogosian,Dolores Claiborne
Eric Bogosian,Witch Hunt
Eric Bogosian,Bill Hicks: It's Just a Ride
Eric Bogosian,Totally Bill Hicks
Eric Bogosian,The Thief and the Cobbler
Eric Bogosian,The Larry Sanders Show
Eric Bogosian,"Sex, Drugs, Rock & Roll"
Eric Bogosian,Law & Order
Eric Bogosian,Last Flight Out
Eric Bogosian,Suffering Bastards
Eric Bogosian,Decade
Eric Bogosian,MTV Unplugged
Eric Bogosian,Talk Radio
Eric Bogosian,The Caine Mutiny Court-Martial
Eric Bogosian,Vandemonium Plus
Eric Bogosian,Arena Brains
Eric Bogosian,Crime Story
Eric Bogosian,The Twilight Zone
Eric Bogosian,The Stuff
Eric Bogosian,Special Effects
Eric Bogosian,Tales from the Darkside
Eric Bogosian,Miami Vice
Eric Bogosian,Made for TV
Eric Bogosian,Born in Flames
Eric Bogosian,Mall
Eric Bogosian,Eric Bogosian: Wake Up and Smell the Coffee
Eric Bogosian,The Wedding Toast
Eric Bogosian,SubUrbia
Eric Bogosian,High Incident
Eric Bogosian,"Sex, Drugs, Rock & Roll"
Eric Bogosian,Talk Radio
Eric Bogosian,Arena Brains
Eric Bogosian,15 Minutes
Eric Bogosian,High Incident
Holly Hunter,Mr. Mayor
Holly Hunter,The Comey Rule
Holly Hunter,My Darling Vivian
Holly Hunter,Bless the Harts
Holly Hunter,Bergman: A Year in a Life
Holly Hunter,Incredibles 2
Holly Hunter,Succession
Holly Hunter,Here and Now
Holly Hunter,Spielberg
Holly Hunter,The Big Sick
Holly Hunter,Song to Song
Holly Hunter,Breakable You
Holly Hunter,Strange Weather
Holly Hunter,Batman v Superman: Dawn of Justice
Holly Hunter,Manglehorn
Holly Hunter,Off Camera with Sam Jones
Holly Hunter,And the Oscar Goes To...
Holly Hunter,Bonnie & Clyde
Holly Hunter,Paradise
Holly Hunter,From the Bottom of the Lake
Holly Hunter,Trespassing Bergman
Holly Hunter,Bonnie & Clyde
Holly Hunter,The Frame
Holly Hunter,Top of the Lake
Holly Hunter,Won't Back Down
Holly Hunter,Bergmans video
Holly Hunter,Jackie
Holly Hunter,Portraits in Dramatic Time
Holly Hunter,Late Night with Jimmy Fallon
Holly Hunter,Skavlan
Holly Hunter,Saving Grace
Holly Hunter,Sangre
Holly Hunter,The Big White
Holly Hunter,Nine Lives
Holly Hunter,The Incredibles
Holly Hunter,Little Black Book
Holly Hunter,The Ellen DeGeneres Show
Holly Hunter,Thirteen
Holly Hunter,Levity
Holly Hunter,Moonlight Mile
Holly Hunter,Searching for Debra Winger
Holly Hunter,Festival in Cannes
Holly Hunter,Down from the Mountain
Holly Hunter,When Billie Beat Bobby
Holly Hunter,The Coen Brothers
Holly Hunter,"O Brother, Where Art Thou?"
Holly Hunter,Harlan County War
Holly Hunter,Timecode
Holly Hunter,Things You Can Tell Just by Looking at Her
Holly Hunter,Jesus' Son
Holly Hunter,Woman Wanted
Holly Hunter,Living Out Loud
Holly Hunter,A Life Less Ordinary
Holly Hunter,The View
Holly Hunter,Crash
Holly Hunter,The Rosie O'Donnell Show
Holly Hunter,Home for the Holidays
Holly Hunter,Copycat
Holly Hunter,Eco-Challenge
Holly Hunter,Inside the Actors Studio
Holly Hunter,Late Night with Conan O'Brien
Holly Hunter,The Firm
Holly Hunter,The Piano
Holly Hunter,The Positively True Adventures of the Alleged Texas Cheerleader-Murdering Mom
Holly Hunter,Crazy in Love
Holly Hunter,The Tonight Show with Jay Leno
Holly Hunter,Once Around
Holly Hunter,Always
Holly Hunter,Animal Behavior
Holly Hunter,Roe vs. Wade
Holly Hunter,Miss Firecracker
Holly Hunter,LIVE with Kelly and Ryan
Holly Hunter,Broadcast News
Holly Hunter,End of the Line
Holly Hunter,A Gathering of Old Men
Holly Hunter,Raising Arizona
Holly Hunter,With Intent to Kill
Holly Hunter,Blood Simple
Holly Hunter,Swing Shift
Holly Hunter,An Uncommon Love
Holly Hunter,Svengali
Holly Hunter,The Burning
Holly Hunter,The Oscars
Holly Hunter,Thirteen
Holly Hunter,When Billie Beat Bobby
Holly Hunter,Lost Souls
Ted Cohen,El Candidato
Ted Cohen,Succession
Ted Cohen,Veep
Ted Cohen,Romantically Challenged
Ted Cohen,Welcome to the Captain
Ted Cohen,"If You Lived Here, You'd Be Home Now"
Ted Cohen,Mr. Rhodes
Ted Cohen,Friends
Ted Cohen,Doug
Ted Cohen,El Candidato
Ted Cohen,Welcome to the Captain
Ted Cohen,Friends
Ted Cohen,Red Dirt
Ted Cohen,35 Miles from Normal
Anna Jordan,Ben-Hur: The Making of an Epic
Anna Jordan,Strawberry Shortcake: World of Friends
Anna Jordan,Strawberry Shortcake: Seaberry Beach Party
Anna Jordan,Succession
Alice Birch,The End We Start From
Alice Birch,The Wonder
Alice Birch,Conversations with Friends
Alice Birch,Mothering Sunday
Alice Birch,Normal People
Alice Birch,Succession
Alice Birch,Lady Macbeth
Alice Birch,Dead Ringers
Alice Birch,Normal People
Steven Kirshoff,BlacKkKlansman
Steven Kirshoff,Bridge of Spies
Steven Kirshoff,This Is Where I Leave You
Steven Kirshoff,Arbitrage
Steven Kirshoff,The Sitter
Steven Kirshoff,The Adjustment Bureau
Steven Kirshoff,Going the Distance
Steven Kirshoff,The Sorcerer's Apprentice
Steven Kirshoff,Taking Woodstock
Steven Kirshoff,The Taking of Pelham 1 2 3
Steven Kirshoff,Tenderness
Steven Kirshoff,Ghost Town
Steven Kirshoff,Deception
Steven Kirshoff,Enchanted
Steven Kirshoff,Before the Devil Knows You're Dead
Steven Kirshoff,The Bourne Ultimatum
Steven Kirshoff,The Departed
Steven Kirshoff,My Super Ex-Girlfriend
Steven Kirshoff,The Pink Panther
Steven Kirshoff,Fantastic Four
Steven Kirshoff,Hide and Seek
Steven Kirshoff,The Forgotten
Steven Kirshoff,The Stepford Wives
Steven Kirshoff,13 Going on 30
Steven Kirshoff,Unfaithful
Steven Kirshoff,Double Whammy
Steven Kirshoff,Shaft
Steven Kirshoff,Frequency
Steven Kirshoff,Summer of Sam
Steven Kirshoff,Gloria
Steven Kirshoff,Snake Eyes
Steven Kirshoff,Godzilla
Steven Kirshoff,Before and After
Steven Kirshoff,Dead Presidents
Steven Kirshoff,Carlito's Way
Steven Kirshoff,Mr. Wonderful
Steven Kirshoff,Do the Right Thing
Steven Kirshoff,Ironweed
Steven Kirshoff,Zombie Island Massacre
Steven Kirshoff,Friday the 13th Part 2
Steven Kirshoff,Bad Education
Steven Kirshoff,A Rainy Day in New York
Steven Kirshoff,John Wick: Chapter 3 - Parabellum
Steven Kirshoff,Succession
Steven Kirshoff,The Blacklist
Steven Kirshoff,The Bourne Legacy
Steven Kirshoff,Pride and Glory
Steven Kirshoff,No Reservations
Steven Kirshoff,Inside Man
Steven Kirshoff,The Producers
Steven Kirshoff,Coyote Ugly
Steven Kirshoff,City Hall
Steven Kirshoff,That Night
Steven Kirshoff,New Jack City
Steven Kirshoff,Carlito's Way
Steven Kirshoff,Once Upon a Time in America
Ed Novick,Legacy: The True Story of the LA Lakers
Ed Novick,Winning Time: The Rise of the Lakers Dynasty
Ed Novick,The Guilty
Ed Novick,Space Jam: A New Legacy
Ed Novick,Gemini Man
Ed Novick,Vice
Ed Novick,Succession
Ed Novick,Daddy's Home 2
Ed Novick,The Dark Knight Rises
Ed Novick,In Time
Ed Novick,Moneyball
Ed Novick,Inception
Ed Novick,The Dark Knight
Ed Novick,The Prestige
Ed Novick,The Adventures of Sharkboy and Lavagirl
Ed Novick,Iron Jawed Angels
Ed Novick,Once Upon a Time in Mexico
Ed Novick,Scenes of the Crime
Ed Novick,Spider-Man
Ed Novick,The Gift
Ed Novick,A Simple Plan
Ed Novick,Poodle Springs
Ed Novick,Addicted to Love
Ed Novick,Indian Summer
Ed Novick,My New Gun
Ed Novick,Waiting for the Light
Ed Novick,Twister
Ed Novick,Shag
Ed Novick,Masters of the Universe
Ed Novick,Old Enough
Ed Novick,Liquid Sky
Nicholas Britell,Mufasa: The Lion King
Nicholas Britell,Carmen
Nicholas Britell,She Said
Nicholas Britell,Star Wars: Andor
Nicholas Britell,Winning Time: The Rise of the Lakers Dynasty
Nicholas Britell,Italian Studies
Nicholas Britell,Don't Look Up
Nicholas Britell,Cruella
Nicholas Britell,The Underground Railroad
Nicholas Britell,The Gaze
Nicholas Britell,The King
Nicholas Britell,Vice
Nicholas Britell,If Beale Street Could Talk
Nicholas Britell,Succession
Nicholas Britell,Battle of the Sexes
Nicholas Britell,The Uncondemned
Nicholas Britell,Moonlight
Nicholas Britell,Tramps
Nicholas Britell,Free State of Jones
Nicholas Britell,The Big Short
Nicholas Britell,A Tale of Love and Darkness
Nicholas Britell,The Real American
Nicholas Britell,The Seventh Fire
Nicholas Britell,Gimme the Loot
Nicholas Britell,"New York, I Love You"
Nicholas Britell,Domino One
Nicholas Britell,Winning Time: The Rise of the Lakers Dynasty
Nicholas Britell,Domino One
Nicholas Britell,Whiplash
Nicholas Britell,Whiplash
Tyson Bidner,The Whale
Tyson Bidner,On the Count of Three
Tyson Bidner,The Kindness of Strangers
Tyson Bidner,Sermon on the Mount
Tyson Bidner,Home Videos
Tyson Bidner,Succession
Tyson Bidner,Marvel's Iron Fist
Tyson Bidner,Annie
Tyson Bidner,Noah
Tyson Bidner,Frances Ha
Tyson Bidner,The Americans
Tyson Bidner,Captain America: The First Avenger
Tyson Bidner,Did You Hear About the Morgans?
Tyson Bidner,Music and Lyrics
Tyson Bidner,16 Blocks
Tyson Bidner,Taxi
Tyson Bidner,Mistress America
Regina Heyman,Perry Mason
Regina Heyman,Second Act
Regina Heyman,Camping
Regina Heyman,Succession
Regina Heyman,Running Scared
Regina Heyman,Men in Black II
Mark Somner,Succession
Mark Somner,Star Wars: The Force Awakens
Mark Somner,Mission: Impossible - Rogue Nation
Mark Somner,The Dark Knight Rises
Gabrielle Mahon,Ben Is Back
Gabrielle Mahon,Succession
Gabrielle Mahon,Mosaic
Gabrielle Mahon,Hanna
Gabrielle Mahon,Black Swan
Gabrielle Mahon,The Company Men
Frank Covino,Succession
Frank Covino,Marvel's Jessica Jones
Jonathan Glatzer,Succession
Jonathan Glatzer,Better Call Saul
Jonathan Glatzer,Fynbos
Jonathan Glatzer,What Goes Up
Jonathan Glatzer,Prix Fixe
Jonathan Glatzer,What Goes Up
Jonathan Glatzer,Prix Fixe
Jonathan Glatzer,Succession
Jon Brown,The Franchise
Jon Brown,Avenue 5
Jon Brown,Dead Pixels
Jon Brown,Succession
Jon Brown,The Aliens
Jon Brown,Cuban Fury
Jon Brown,Mongrels
Jon Brown,The Franchise
Jon Brown,Succession
Jon Brown,Starstruck
Jon Brown,Dead Pixels
Jon Brown,Mongrels
Ronald M. Bozman,We Are Who We Are
Ronald M. Bozman,Succession
Ronald M. Bozman,Paterson
Ronald M. Bozman,Ricki and the Flash
Ronald M. Bozman,Staten Island Summer
Ronald M. Bozman,A Master Builder
Ronald M. Bozman,This Must Be the Place
Ronald M. Bozman,The Tempest
Ronald M. Bozman,Confessions of a Shopaholic
Ronald M. Bozman,Jimmy Carter: Man from Plains
Ronald M. Bozman,Perfect Stranger
Ronald M. Bozman,The Stepford Wives
Ronald M. Bozman,The Human Stain
Ronald M. Bozman,Changing Lanes
Ronald M. Bozman,Sister Mary Explains It All
Ronald M. Bozman,Autumn in New York
Ronald M. Bozman,For Love of the Game
Ronald M. Bozman,Beloved
Ronald M. Bozman,Eddie
Ronald M. Bozman,The Ref
Ronald M. Bozman,Philadelphia
Ronald M. Bozman,Women & Men 2: In Love There Are No Rules
Ronald M. Bozman,The Silence of the Lambs
Ronald M. Bozman,Waiting for the Light
Ronald M. Bozman,Miami Blues
Ronald M. Bozman,Married to the Mob
Ronald M. Bozman,Something Wild
Ronald M. Bozman,The Pack
Ronald M. Bozman,The Texas Chain Saw Massacre
Ronald M. Bozman,The Stepford Wives
Ronald M. Bozman,Philadelphia
Ronald M. Bozman,The Silence of the Lambs
Ronald M. Bozman,Miami Blues
Ronald M. Bozman,Something Wild
Ronald M. Bozman,Wise Guys
Ronald M. Bozman,Smokey and the Bandit Part 3
Ronald M. Bozman,The Soldier
Ronald M. Bozman,People Like Us: Making 'Philadelphia'
Ronald M. Bozman,Inside the Labyrinth: The Making of 'The Silence of the Lambs'
Ronald M. Bozman,Lovin' Molly
Jonathan Filley,The Good Nurse
Jonathan Filley,Da 5 Bloods
Jonathan Filley,Succession
Jonathan Filley,Elementary
Jonathan Filley,Mr. Popper's Penguins
Jonathan Filley,Bride Wars
Jonathan Filley,Sex and the City
Jonathan Filley,American Gangster
Jonathan Filley,Inside Man
Jonathan Filley,Off the Map
Jonathan Filley,The Secret Lives of Dentists
Jonathan Filley,Bad Company
Jonathan Filley,Hamlet
Jonathan Filley,Keeping the Faith
Jonathan Filley,The Siege
Jonathan Filley,The Impostors
Jonathan Filley,Big Night
Jonathan Filley,Bullets Over Broadway
Jonathan Filley,Guarding Tess
Jonathan Filley,Searching for Bobby Fischer
Jonathan Filley,Regarding Henry
Jonathan Filley,Alice
Jonathan Filley,Crimes and Misdemeanors
Jonathan Filley,Another Woman
Jonathan Filley,Angel Heart
Jonathan Filley,The Purple Rose of Cairo
Jonathan Filley,Neighbors
Jonathan Filley,The Shark Is Still Working: The Impact & Legacy of 'Jaws'
Jonathan Filley,Broadway Danny Rose
Dara Schnapper,Girls5eva
Dara Schnapper,Succession
Dara Schnapper,Neil Young Journeys
